{
  "N": 50,
  "a0": -9.188269079783493e-15,
  "ak": [
    -9.188269079783493e-15,
    6.431788355848445e-15,
    -4.099381589441866e-15,
    4.452776554048924e-15,
    -9.895059008997609e-16,
    -7.986726200119498e-15,
    7.332945515596441e-15,
    -4.2054000788239836e-15,
    5.8486866642468e-15,
    -3.745986624834808e-15,
    -2.8271597168564594e-16,
    -3.1805546814635167e-16,
    -3.6576378836830444e-15,
    1.6609563336531698e-15,
    5.2302454761844496e-15,
    -8.128084185962321e-16,
    -3.798995869525867e-15,
    -2.2970672699458733e-15,
    9.32079219151114e-15,
    -6.396448859387739e-15,
    5.47762195140939e-16,
    -3.993363100059749e-15,
    9.188269079783492e-16,
    4.240739575284689e-16,
    2.3854160110976376e-15,
    2.8271597168564595e-15,
    -4.276079071745395e-15,
    9.541664044390551e-16,
    -2.456095004019049e-15,
    -4.240739575284689e-16,
    4.594134539891746e-16,
    -2.085030291181639e-15,
    2.2617277734851675e-15,
    1.8376538159566985e-15,
    -1.0248453973604666e-15,
    -5.300924469105862e-15,
    1.0071756491301137e-14,
    -5.654319433712919e-16,
    3.745986624834808e-15,
    -7.845368214276676e-15,
    1.943672305338816e-15,
    -3.5339496460705744e-16,
    -2.049690794720933e-15,
    -2.8271597168564595e-15,
    3.4986101496098687e-15,
    -6.219751377084211e-15,
    -7.067899292141149e-16,
    1.2722218725854067e-15,
    -5.512961447870096e-15,
    4.947529504498804e-15
  ],
  "bk": [
    0.0,
    0.005680547702505259,
    -0.011370560595112773,
    0.017079557132510904,
    -0.02281716292927099,
    0.028593165929412728,
    -0.034417573519864034,
    0.040300672297552416,
    -0.046253091255402765,
    0.05228586922493261,
    -0.05841052750529215,
    0.06463914872329543,
    -0.07098446310997328,
    0.07745994355199101,
    -0.08407991098681422,
    0.09085965196655744,
    -0.0978155505277416,
    0.10496523688448271,
    -0.11232775592759643,
    0.11992375908216894,
    -0.12777572377729576,
    0.13590820564724515,
    -0.14434812965803445,
    0.15312512769189912,
    -0.16227193180068758,
    0.17182483445344351,
    -0.18182422978380733,
    0.19231525326247242,
    -0.20334854161088334,
    0.21498114045242658,
    -0.22727759459950683,
    0.24031126559985685,
    -0.2541659340520551,
    0.2689377614324961,
    -0.28473770944585935,
    0.3016945466640414,
    -0.31995861603418246,
    0.339706598032607,
    -0.3611475908297911,
    0.3845309530853467,
    -0.4101565360397291,
    0.43838819979849525,
    -0.4696719133969673,
    0.504560361149826,
    -0.5437469580158406,
    0.588113757468811,
    -0.6388003553227146,
    0.6973053710027187,
    -0.7656400133175102,
    0.846567835786903
  ],
  "error": 1.077581903281664
}